<application>
  <component name="DimensionService">
    <location key="WELCOME_SCREEN.0.0.3360.2100@192dpi" x="1678" y="906" />
    <location key="com.intellij.ide.util.TipDialog.0.0.3360.2100@192dpi" x="988" y="738" />
    <location key="SettingsEditor.0.0.3360.2100@192dpi" x="650" y="376" />
    <location key="#com.intellij.fileTypes.FileTypeChooser.0.0.3360.2100@192dpi" x="1042" y="686" />
    <location key="#Browse_Repositories.0.0.3360.2100@192dpi" x="856" y="396" />
    <location key="FileChooserDialogImpl.0.0.3360.2100@192dpi" x="1256" y="588" />
    <location key="find.popup.0.0.3360.2100@192dpi" x="1252" y="316" />
    <size key="find.popup.0.0.3360.2100@192dpi" width="1320" height="1266" />
  </component>
</application>