<application>
  <component name="Registry">
    <entry key="bigger.font.in.project.view" value="true" />
    <entry key="mac.editor.thumb.default.alpha.base" value="0" />
    <entry key="mac.editor.thumb.default.alpha.delta" value="102" />
    <entry key="mac.editor.thumb.darcula.alpha.base" value="0" />
    <entry key="mac.editor.thumb.darcula.alpha.delta" value="102" />
    <entry key="mac.editor.thumb.default.fill.min" value="102" />
    <entry key="mac.editor.thumb.default.fill.max" value="150" />
    <entry key="mac.editor.thumb.darcula.fill.min" value="102" />
    <entry key="mac.editor.thumb.darcula.fill.max" value="163" />
  </component>
</application>