<application>
  <component name="PropertiesComponent">
    <property name="Darcula.savedEditorTheme" value="_@user_Material One Dark" />
    <property name="Default.savedEditorTheme" value="_@user_Default" />
    <property name="MTTabsHeight" value="42" />
    <property name="OpenOrAttachDialog.OpenMode" value="new" />
    <property name="PLUGIN_FILTER" value="Material Theme UI&#10;bash" />
    <property name="PyCharm.InitialConfiguration" value="true" />
    <property name="PyCharm.InitialConfiguration.V2" value="true" />
    <property name="PyCharm.InitialConfiguration.V3" value="true" />
    <property name="PyCharm.InitialConfiguration.V4" value="true" />
    <property name="PyCharm.InitialConfiguration.V5" value="true" />
    <property name="PyCharm.InitialConfiguration.V6" value="true" />
    <property name="PyCharm.InitialConfiguration.V7" value="true" />
    <property name="PyCharm.initialConfigurationShown" value="true" />
    <property name="com.chrisrm.idea.MaterialThemeUI.theme" value="ONE_DARK" />
    <property name="evlsprt3.181" value="18" />
    <property name="file.chooser.recent.files" value="$USER_HOME$/Code/automaton/roles" />
    <property name="file.gist.reindex.count" value="8857" />
    <property name="fileTypeChangedCounter" value="5" />
    <property name="lastTip" value="7" />
    <property name="ts.lib.d.ts.version" value="2.8.1" />
  </component>
</application>