<application>
  <component name="RecentDirectoryProjectsManager">
    <option name="recentPaths">
      <list>
        <option value="$USER_HOME$/Code/rke-cluster" />
        <option value="$USER_HOME$/Code/automaton" />
        <option value="$USER_HOME$/Code/homebrew-tap" />
        <option value="$USER_HOME$/Code/ai-infrastructure" />
      </list>
    </option>
    <option name="openPaths">
      <list>
        <option value="$USER_HOME$/Code/ai-infrastructure" />
        <option value="$USER_HOME$/Code/rke-cluster" />
      </list>
    </option>
    <option name="lastPath" value="$USER_HOME$/Code/rke-cluster" />
    <option name="pid" value="" />
    <option name="additionalInfo">
      <map>
        <entry key="$USER_HOME$/Code/ai-infrastructure">
          <value>
            <RecentProjectMetaInfo>
              <option name="build" value="PY-181.4445.76" />
              <option name="productionCode" value="PY" />
              <option name="binFolder" value="$APPLICATION_HOME_DIR$/bin" />
              <option name="projectOpenTimestamp" value="1523409312510" />
              <option name="buildTimestamp" value="1523292165795" />
            </RecentProjectMetaInfo>
          </value>
        </entry>
        <entry key="$USER_HOME$/Code/automaton">
          <value>
            <RecentProjectMetaInfo>
              <option name="build" value="PY-181.4445.76" />
              <option name="productionCode" value="PY" />
              <option name="binFolder" value="$APPLICATION_HOME_DIR$/bin" />
              <option name="projectOpenTimestamp" value="1523388355029" />
              <option name="buildTimestamp" value="1523292165795" />
            </RecentProjectMetaInfo>
          </value>
        </entry>
        <entry key="$USER_HOME$/Code/homebrew-tap">
          <value>
            <RecentProjectMetaInfo>
              <option name="build" value="PY-181.4445.76" />
              <option name="productionCode" value="PY" />
              <option name="binFolder" value="$APPLICATION_HOME_DIR$/bin" />
              <option name="projectOpenTimestamp" value="1523379435152" />
              <option name="buildTimestamp" value="1523292165795" />
            </RecentProjectMetaInfo>
          </value>
        </entry>
        <entry key="$USER_HOME$/Code/rke-cluster">
          <value>
            <RecentProjectMetaInfo>
              <option name="build" value="PY-181.4445.76" />
              <option name="productionCode" value="PY" />
              <option name="binFolder" value="$APPLICATION_HOME_DIR$/bin" />
              <option name="projectOpenTimestamp" value="1523409312510" />
              <option name="buildTimestamp" value="1523292165795" />
            </RecentProjectMetaInfo>
          </value>
        </entry>
      </map>
    </option>
  </component>
</application>