<application>
  <component name="FileBasedIndex">
    <option name="registeredIndices">
      <list>
        <option value="es6.exported.index" />
        <option value="puppet.node" />
        <option value="puppet.function" />
        <option value="puppet.resource.by.type" />
        <option value="puppet.resource" />
        <option value="puppet.type" />
        <option value="puppet.class.instantiation" />
        <option value="puppet.subclass" />
        <option value="puppet.class" />
        <option value="puppet.namespace" />
        <option value="puppet.top.variable" />
        <option value="puppet.variable" />
        <option value="Stylus.mixins" />
        <option value="Stylus.variables" />
        <option value="Scss.mixin" />
        <option value="Scss.function" />
        <option value="Scss.placeholder.selector" />
        <option value="Scss.variable" />
        <option value="Less.variables" />
        <option value="Less.mixins" />
        <option value="sql.names" />
        <option value="sql.column.name" />
        <option value="sql.table.shortName" />
        <option value="angularjs.delimiter.index" />
        <option value="angularjs.generic.modules.index" />
        <option value="angularjs.ui.router.generic.states.index" />
        <option value="angularjs.ui.router.states.index" />
        <option value="angularjs.symbol.index" />
        <option value="angularjs.filter.index" />
        <option value="angularjs.module.index" />
        <option value="angularjs.controller.index" />
        <option value="angularjs.directives.doc.index" />
        <option value="angularjs.directives.index" />
        <option value="js.doc.modules" />
        <option value="js.gcl.modules" />
        <option value="js.nonglobal.symbol.index" />
        <option value="ts.local.classes" />
        <option value="es6.assignment.index" />
        <option value="js.exported.index" />
        <option value="js.global.symbol.index" />
        <option value="amd.requirePaths.index" />
        <option value="amd.baseUrl.index" />
        <option value="js.symbol.qualified.names.index" />
        <option value="JS.subclass.stub.index" />
        <option value="js.namespace.including.local.members.index" />
        <option value="js.namespace.index" />
        <option value="js.class.index2" />
        <option value="JS.base.types.index" />
        <option value="js.generics.index" />
        <option value="js.typedef.index2" />
        <option value="js.symbol.index2" />
        <option value="JS.custom.stub.index" />
        <option value="JS.class.implements" />
        <option value="JS.class.super" />
        <option value="ts.external.module.index" />
        <option value="JS.global.qualified.elements" />
        <option value="js.element.qualifiedName" />
        <option value="js.qualified.shortName" />
        <option value="bash.var" />
        <option value="bash.vardef" />
        <option value="bash.scriptCommandReference" />
        <option value="bash.includers" />
        <option value="bash.included" />
        <option value="bash.script.name" />
        <option value="bash.function.name" />
        <option value="Css.custom.mixin" />
        <option value="Css.custom.property" />
        <option value="Css.attr" />
        <option value="Css.id" />
        <option value="Css.class" />
        <option value="Css.ampersand.selector" />
        <option value="ini.property.key" />
        <option value="properties.index" />
        <option value="Django.manager" />
        <option value="Django.foreignKey" />
        <option value="Py.class.attributes" />
        <option value="Python.Decorator" />
        <option value="Py.variable.shortName" />
        <option value="Py.class.super" />
        <option value="Py.function.shortName" />
        <option value="Py.class.shortNameInsensitive" />
        <option value="Py.class.shortName" />
        <option value="dom.elementClass" />
        <option value="dom.namespaceKey" />
      </list>
    </option>
  </component>
</application>