<application>
  <component name="ActionsCollector">
    <counts>
      <entry action="$Delete" count="2" />
      <entry action="$Paste" count="1" />
      <entry action="$SelectAll" count="3" />
      <entry action="$Undo" count="19" />
      <entry action="ActivateProjectToolWindow" count="2" />
      <entry action="CheckForUpdate" count="1" />
      <entry action="CloseContent" count="1" />
      <entry action="CommentByLineComment" count="4" />
      <entry action="DialogCancelAction ⎋" count="2" />
      <entry action="DialogOkAction ⏎" count="14" />
      <entry action="EditCustomProperties" count="4" />
      <entry action="EditorBackSpace" count="54" />
      <entry action="EditorCopy" count="31" />
      <entry action="EditorCut" count="13" />
      <entry action="EditorDelete" count="1" />
      <entry action="EditorDeleteToWordStart" count="2" />
      <entry action="EditorDown" count="5" />
      <entry action="EditorDownWithSelection" count="1" />
      <entry action="EditorDuplicate" count="8" />
      <entry action="EditorEnter" count="29" />
      <entry action="EditorEscape" count="1" />
      <entry action="EditorIndentSelection" count="5" />
      <entry action="EditorLeft" count="18" />
      <entry action="EditorLeftWithSelection" count="2" />
      <entry action="EditorLineEnd" count="3" />
      <entry action="EditorLineEndWithSelection" count="8" />
      <entry action="EditorLineStart" count="2" />
      <entry action="EditorLineStartWithSelection" count="5" />
      <entry action="EditorPaste" count="35" />
      <entry action="EditorPreviousWord" count="1" />
      <entry action="EditorPreviousWordWithSelection" count="2" />
      <entry action="EditorRight" count="2" />
      <entry action="EditorRightWithSelection" count="1" />
      <entry action="EditorSelectWord" count="2" />
      <entry action="EditorTab" count="5" />
      <entry action="EditorUnindentSelection" count="3" />
      <entry action="EditorUp" count="8" />
      <entry action="EditorUpWithSelection" count="6" />
      <entry action="FindInPath" count="1" />
      <entry action="GotoClass" count="2" />
      <entry action="GotoFile" count="4" />
      <entry action="GotoSymbol" count="2" />
      <entry action="MTOneDarkTheme" count="1" />
      <entry action="MoveLineDown" count="36" />
      <entry action="MoveLineUp" count="2" />
      <entry action="NewDir" count="6" />
      <entry action="NewElement" count="1" />
      <entry action="NewFile" count="7" />
      <entry action="NewPythonFile" count="1" />
      <entry action="NextProjectWindow" count="10" />
      <entry action="OpenFile" count="3" />
      <entry action="QuickChangeScheme" count="7" />
      <entry action="Register" count="1" />
      <entry action="RenameElement" count="1" />
      <entry action="SaveAll" count="40" />
      <entry action="ShowNavBar" count="1" />
    </counts>
  </component>
  <component name="FeatureUsageStatistics" first-run="1523369591047" have-been-shown="false" show-in-other="true" show-in-compilation="true">
    <feature id="editing.completion.camelHumps" count="0" last-shown="0" last-used="0" shown-count="0" />
    <feature id="codeassists.comment.line" count="4" last-shown="0" last-used="1523388088684" shown-count="0" />
    <feature id="codeassists.surroundwith.statement" count="0" last-shown="0" last-used="0" shown-count="0" />
    <feature id="refactoring.rename" count="1" last-shown="0" last-used="1523370953326" shown-count="0" />
    <feature id="navigation.popup.action" count="0" last-shown="0" last-used="0" shown-count="0" />
    <feature id="editing.completion.cancelByControlArrows" count="0" last-shown="0" last-used="0" shown-count="0" />
    <feature id="navigation.popup.symbol" count="2" last-shown="0" last-used="1523387521063" shown-count="0" />
    <feature id="find.recent.search" count="0" last-shown="0" last-used="0" shown-count="0" />
    <feature id="editing.completion.replace" count="0" last-shown="1523387543591" last-used="0" shown-count="143" />
    <feature id="navigation.goto.inspection" count="0" last-shown="0" last-used="0" shown-count="0" />
    <feature id="navigation.popup.camelprefix" count="0" last-shown="0" last-used="0" shown-count="0" />
    <feature id="SearchEverywhere" count="0" last-shown="0" last-used="0" shown-count="0" />
    <feature id="navigation.popup.class" count="2" last-shown="0" last-used="1523377282296" shown-count="0" />
    <feature id="navigation.popup.file" count="4" last-shown="0" last-used="1523384068459" shown-count="0" />
    <feature id="navigation.popup.wildcards" count="0" last-shown="0" last-used="0" shown-count="0" />
    <feature id="refactoring.introduceVariable" count="0" last-shown="0" last-used="0" shown-count="0" />
    <feature id="codeassists.quickdefinition" count="0" last-shown="0" last-used="0" shown-count="0" />
    <feature id="find.completion" count="0" last-shown="0" last-used="0" shown-count="0" />
    <feature id="editing.completion.basic" count="0" last-shown="0" last-used="0" shown-count="0" />
    <feature id="tag.name.completion" count="0" last-shown="0" last-used="0" shown-count="0" />
    <feature id="editing.select.word" count="18" last-shown="0" last-used="1523380129174" shown-count="0" />
    <feature id="navigation.recent.files" count="0" last-shown="0" last-used="0" shown-count="0" />
    <feature id="navigation.goto.declaration" count="0" last-shown="0" last-used="0" shown-count="0" />
    <feature id="editing.completion.finishByDotEtc" count="0" last-shown="0" last-used="0" shown-count="0" />
    <feature id="codeassists.quickjavadoc.lookup" count="0" last-shown="0" last-used="0" shown-count="0" />
    <feature id="ui.scheme.quickswitch" count="7" last-shown="0" last-used="1523377102863" shown-count="0" />
    <feature id="navigation.popup.file.structure" count="0" last-shown="0" last-used="0" shown-count="0" />
    <feature id="editing.completion.finishByCtrlDot" count="0" last-shown="0" last-used="0" shown-count="0" />
    <feature id="codeassists.quickjavadoc.ctrln" count="0" last-shown="0" last-used="0" shown-count="0" />
    <feature id="navigation.select.in" count="0" last-shown="0" last-used="0" shown-count="0" />
    <feature id="navigation.goto.usages" count="0" last-shown="0" last-used="0" shown-count="0" />
    <feature id="codeassists.quickjavadoc" count="0" last-shown="0" last-used="0" shown-count="0" />
    <feature id="ui.recentchanges" count="0" last-shown="0" last-used="0" shown-count="0" />
    <feature id="ui.tree.speedsearch" count="0" last-shown="0" last-used="0" shown-count="0" />
    <feature id="editing.completion.changeSorting" count="0" last-shown="0" last-used="0" shown-count="0" />
    <feature id="ui.horizontal.scrolling" count="0" last-shown="0" last-used="0" shown-count="0" />
    <feature id="codeassists.quickdefinition.lookup" count="0" last-shown="0" last-used="0" shown-count="0" />
    <completionStatsTag>
      <option name="sparedCharacters" value="0" />
      <option name="invocations" value="0" />
      <option name="startDate" value="0" />
      <option name="dayCount" value="0" />
      <option name="lastDate" value="0" />
    </completionStatsTag>
    <fixesStatsTag>
      <option name="invocations" value="0" />
      <option name="startDate" value="0" />
      <option name="dayCount" value="0" />
      <option name="lastDate" value="0" />
    </fixesStatsTag>
  </component>
  <component name="MainMenuCollector">
    <counts>
      <entry path="File -&gt; Open Recent -&gt; Reopen Project" count="1" />
      <entry path="File -&gt; Open..." count="3" />
      <entry path="Help -&gt; Edit Custom Properties..." count="4" />
      <entry path="Help -&gt; Register..." count="1" />
      <entry path="View -&gt; Quick Switch Scheme..." count="1" />
    </counts>
  </component>
  <component name="ShortcutsCollector">
    <counts>
      <entry shortcut="Alt+Backspace" count="2" />
      <entry shortcut="Alt+Left" count="1" />
      <entry shortcut="Alt+Shift+Down" count="36" />
      <entry shortcut="Alt+Shift+Left" count="2" />
      <entry shortcut="Alt+Shift+Up" count="2" />
      <entry shortcut="Alt+Up" count="2" />
      <entry shortcut="Backspace" count="55" />
      <entry shortcut="Ctrl+Back Quote" count="6" />
      <entry shortcut="Delete" count="1" />
      <entry shortcut="Down" count="5" />
      <entry shortcut="Enter" count="30" />
      <entry shortcut="Escape" count="5" />
      <entry shortcut="Left" count="18" />
      <entry shortcut="Meta+1" count="2" />
      <entry shortcut="Meta+A" count="3" />
      <entry shortcut="Meta+Alt+O" count="2" />
      <entry shortcut="Meta+Back Quote" count="10" />
      <entry shortcut="Meta+Backspace" count="1" />
      <entry shortcut="Meta+C" count="31" />
      <entry shortcut="Meta+D" count="8" />
      <entry shortcut="Meta+Left" count="2" />
      <entry shortcut="Meta+N" count="1" />
      <entry shortcut="Meta+O" count="2" />
      <entry shortcut="Meta+Right" count="3" />
      <entry shortcut="Meta+S" count="40" />
      <entry shortcut="Meta+Shift+Close Bracket" count="1" />
      <entry shortcut="Meta+Shift+F" count="1" />
      <entry shortcut="Meta+Shift+Left" count="5" />
      <entry shortcut="Meta+Shift+O" count="4" />
      <entry shortcut="Meta+Shift+Right" count="8" />
      <entry shortcut="Meta+Slash" count="4" />
      <entry shortcut="Meta+Up" count="1" />
      <entry shortcut="Meta+V" count="36" />
      <entry shortcut="Meta+W" count="25" />
      <entry shortcut="Meta+X" count="13" />
      <entry shortcut="Meta+Z" count="19" />
      <entry shortcut="Right" count="2" />
      <entry shortcut="Shift+Down" count="1" />
      <entry shortcut="Shift+F6" count="1" />
      <entry shortcut="Shift+Left" count="2" />
      <entry shortcut="Shift+Right" count="1" />
      <entry shortcut="Shift+Tab" count="3" />
      <entry shortcut="Shift+Up" count="6" />
      <entry shortcut="Tab" count="10" />
      <entry shortcut="Up" count="8" />
    </counts>
  </component>
  <component name="ToolbarClicksCollector">
    <counts>
      <entry action="com.intellij.find.impl.FindPopupPanel$MySelectScopeToggleAction@EditorToolbar" count="1" />
    </counts>
  </component>
  <component name="UsageTrigger">
    <counts>
      <entry feature="CreateFile.CreateFileAction" count="7" />
      <entry feature="StripeButton[Docker].hidden" count="4" />
      <entry feature="StripeButton[Version Control].shown" count="3" />
      <entry feature="ide.settings.Color Scheme Font" count="3" />
      <entry feature="ide.settings.Material Custom Theme" count="3" />
      <entry feature="ide.settings.Material Theme" count="2" />
      <entry feature="ide.settings.Plugins" count="2" />
      <entry feature="ideaapp.started" count="7" />
      <entry feature="welcome.screen.WelcomeScreen.GetFromVcs" count="1" />
      <entry feature="welcome.screen.WelcomeScreen.OpenDirectoryProject" count="2" />
    </counts>
  </component>
</application>